feature_id,support_mode,engineering_state,native_or_integrated,camera_dependency,server_dependency,additional_licence,on_prem,cloud,mobile,web,api,maximum_supported_scale,minimum_version,tested_version,automated_test_reference,supporting_document,evidence_reference,verification_status,presales_remarks,known_limitations,last_verification_date
"F01-001","N","QA","Native WS-Discovery","ONVIF WS-Discovery camera","Site-local discovery network","","","","","","Yes","","","ab1afe505bd48ca8d7b18c893fa9690168c16915 + PR #268","tests/test_category1_evidence.py; tests/test_category1_safe_camera_lifecycle.py","docs/reviews/CATEGORY1_CAMERA_CAPABILITY_AUDIT.md","docs/reviews/CATEGORY1_CAMERA_CAPABILITY_AUDIT.md#e1","NV","Software QA only; not device/site qualified","Discovery is tenant/site authorized and target-filtered; deployment must execute the multicast socket on the intended site network.","2026-09-28"
"F01-002","N","QA","Native API","RTSP/ONVIF camera","MediaMTX","","","","","","Yes","","","ab1afe505bd48ca8d7b18c893fa9690168c16915 + PR #268","tests/test_category1_safe_camera_lifecycle.py","docs/reviews/CATEGORY1_CAMERA_CAPABILITY_AUDIT.md","docs/reviews/CATEGORY1_CAMERA_CAPABILITY_AUDIT.md#e8","NV","Software QA only; not device-qualified","Manual onboarding validates and pins targets; real-camera interoperability remains unverified.","2026-09-28"
"F01-003","N","QA","Native WS-Discovery","ONVIF WS-Discovery camera","Site-local discovery network","","","","","","Yes","","","ab1afe505bd48ca8d7b18c893fa9690168c16915 + PR #268","tests/test_category1_evidence.py; tests/test_category1_safe_camera_lifecycle.py","docs/reviews/CATEGORY1_CAMERA_CAPABILITY_AUDIT.md","docs/reviews/CATEGORY1_CAMERA_CAPABILITY_AUDIT.md#e1","NV","Software QA only; not device/site qualified","Operator-triggered automatic LAN search; site-local multicast execution remains deployment-specific.","2026-09-28"
"F01-004","N","QA","Native API","RTSP camera","MediaMTX","","","","","","Yes","","","ab1afe505bd48ca8d7b18c893fa9690168c16915 + PR #268","tests/test_category1_safe_camera_lifecycle.py","docs/reviews/CATEGORY1_CAMERA_CAPABILITY_AUDIT.md","docs/reviews/CATEGORY1_CAMERA_CAPABILITY_AUDIT.md#e8","NV","Software QA only; not device-qualified","Allowed camera-network policy is enforced; real-camera playback remains unverified.","2026-09-28"
"F01-005","N","QA","Native API","DNS-resolvable RTSP camera","MediaMTX","","","","","","Yes","","","ab1afe505bd48ca8d7b18c893fa9690168c16915 + PR #268","tests/test_category1_safe_camera_lifecycle.py","docs/reviews/CATEGORY1_CAMERA_CAPABILITY_AUDIT.md","docs/reviews/CATEGORY1_CAMERA_CAPABILITY_AUDIT.md#e8","NV","Software QA only; not device-qualified","DNS names must resolve to exactly one allowed address and are pinned to that IP.","2026-09-28"
"F01-006","C","QA","Site-local ONVIF serial onboarding","ONVIF camera exposing SerialNumber","Control API","","","","","","Yes","","","PR #276","tests/test_category1_finish_track_a1.py","docs/operations/CATEGORY1_REMAINING_CAMERA_SUPPORT.md","docs/reviews/CATEGORY1_CAMERA_CAPABILITY_AUDIT.md#e12","NV","Software QA only; named device/vendor/firmware qualification remains required","Exact serial matching is limited to bounded authorized site-local WS-Discovery candidates; no vendor-cloud/global serial lookup.","2026-09-28"
"F01-007","R","TARGET","","","","","","","","","","","","","","docs/reviews/CATEGORY1_CAMERA_CAPABILITY_AUDIT.md","docs/reviews/CATEGORY1_CAMERA_CAPABILITY_AUDIT.md#category-1-row-audit","NV","Roadmap; complete capability not available","No QR scanning/onboarding flow.",""
"F01-008","N","QA","Native encrypted credential storage","Credential-authenticated camera","MediaMTX/ONVIF","","","","","","Yes","","","ab1afe505bd48ca8d7b18c893fa9690168c16915 + PR #268","tests/test_category1_safe_camera_lifecycle.py; tests/test_reconciler_phase2b.py","docs/reviews/CATEGORY1_CAMERA_CAPABILITY_AUDIT.md","docs/reviews/CATEGORY1_CAMERA_CAPABILITY_AUDIT.md#e2","NV","Software QA only; not device-qualified","Initial credentials are supported; credential rotation/update remains a separate missing capability.","2026-09-28"
"F01-009","C","QA","Native ONVIF Device/Media client","ONVIF-conformant camera","","","","","","","Yes","","","ab1afe505bd48ca8d7b18c893fa9690168c16915 + PR #268","tests/test_onvif_phase2a.py; tests/test_category1_evidence.py; tests/test_category1_safe_camera_lifecycle.py","docs/reviews/CATEGORY1_CAMERA_CAPABILITY_AUDIT.md","docs/reviews/CATEGORY1_CAMERA_CAPABILITY_AUDIT.md#e3","NV","Software QA only; named vendor/model/firmware evidence required","Device/Media software path is implemented; no named real-camera interoperability evidence and ONVIF write controls remain incomplete.","2026-09-28"
"F01-010","I","QA","Integrated MediaMTX","RTSP camera source","MediaMTX","","","","","","Yes","","","f40abe99d9420e6141486af4feb29967c7fcfbb7 + PR #268","tests/test_recording_phase3.py; tests/test_reconciler_phase2b.py; tests/test_category1_safe_camera_lifecycle.py","docs/reviews/CATEGORY1_CAMERA_CAPABILITY_AUDIT.md","docs/reviews/CATEGORY1_CAMERA_CAPABILITY_AUDIT.md#e4","NV","Software QA scope only; not a supported or device-qualified claim","MediaMTX RTSP wiring, target validation and diagnostic redaction are tested in software; real-device playback remains unverified.","2026-09-28"
"F01-011","R","TARGET","","","","","","","","","","","","","","docs/reviews/CATEGORY1_CAMERA_CAPABILITY_AUDIT.md","docs/reviews/CATEGORY1_CAMERA_CAPABILITY_AUDIT.md#category-1-row-audit","NV","Roadmap; complete capability not available","No vendor driver/adapter implementation.",""
"F01-012","N","QA","Native probe/health API","Reachable camera","MediaMTX/ONVIF","","","","","","Yes","","","ab1afe505bd48ca8d7b18c893fa9690168c16915 + PR #268","tests/test_category1_safe_camera_lifecycle.py; tests/test_health_phase4.py","docs/reviews/CATEGORY1_CAMERA_CAPABILITY_AUDIT.md","docs/reviews/CATEGORY1_CAMERA_CAPABILITY_AUDIT.md#e5","NV","Software QA only; not device-qualified","Probe and immediate media health are bounded and redacted; real-network behavior remains unverified.","2026-09-28"
"F01-013","N","QA","Native health engine","Managed camera","MediaMTX","","","","","","Yes","","","ab1afe505bd48ca8d7b18c893fa9690168c16915 + PR #268","tests/test_health_phase4.py; tests/test_category1_safe_camera_lifecycle.py","docs/reviews/CATEGORY1_CAMERA_CAPABILITY_AUDIT.md","docs/reviews/CATEGORY1_CAMERA_CAPABILITY_AUDIT.md#e6","NV","Software QA only; not device-qualified","Immediate and persisted health exist; thresholds and real-device failure behavior remain deployment/device dependent.","2026-09-28"
"F01-014","N","QA","Native lifecycle API","Managed camera","Control API","","","","","","Yes","","","PR #270","tests/test_camera_lifecycle_track_a1.py","docs/operations/CAMERA_LIFECYCLE.md","docs/reviews/CATEGORY1_CAMERA_CAPABILITY_AUDIT.md#e10","NV","Software QA only; not device-qualified","Display name can be changed while camera ID and stream keys remain stable; site/tenant moves are outside this API.","2026-09-28"
"F01-015","N","QA","Native lifecycle API","Managed camera","Control API","","","","","","Yes","","","PR #270","tests/test_camera_lifecycle_track_a1.py","docs/operations/CAMERA_LIFECYCLE.md","docs/reviews/CATEGORY1_CAMERA_CAPABILITY_AUDIT.md#e10","NV","Software QA only; not device-qualified","Bounded free-text location metadata is supported; map/GIS coordinates are not part of this row.","2026-09-28"
"F01-016","N","QA","Native camera-group API","Managed camera","Control API","","","","","","Yes","","","PR #270","tests/test_camera_lifecycle_track_a1.py","docs/operations/CAMERA_LIFECYCLE.md","docs/reviews/CATEGORY1_CAMERA_CAPABILITY_AUDIT.md#e10","NV","Software QA only; not device-qualified","Groups are tenant/site scoped; deleting a group unassigns cameras and does not delete them.","2026-09-28"
"F01-017","N","QA","Native lifecycle API","Managed camera","MediaMTX","","","","","","Yes","","","ab1afe505bd48ca8d7b18c893fa9690168c16915 + PR #268","tests/test_category1_safe_camera_lifecycle.py","docs/reviews/CATEGORY1_CAMERA_CAPABILITY_AUDIT.md","docs/reviews/CATEGORY1_CAMERA_CAPABILITY_AUDIT.md#e8","NV","Software QA only; not production-qualified","Single-node continuous recorder and live paths are removed fail-closed; retained segment files follow storage retention and are not securely erased by camera delete.","2026-09-28"
"F01-018","N","QA","Native replacement workflow","RTSP camera","MediaMTX","","","","","","Yes","","","PR #270","tests/test_camera_lifecycle_track_a1.py","docs/operations/CAMERA_LIFECYCLE.md","docs/reviews/CATEGORY1_CAMERA_CAPABILITY_AUDIT.md#e10","NV","Software QA only; real-device replacement not qualified","Logical camera/stream identity is preserved and old ONVIF capability metadata is invalidated; named-device replacement remains unverified.","2026-09-28"
"F01-019","N","QA","Native credential lifecycle","Credential-authenticated camera","MediaMTX","","","","","","Yes","","","PR #270","tests/test_camera_lifecycle_track_a1.py","docs/operations/CAMERA_LIFECYCLE.md","docs/reviews/CATEGORY1_CAMERA_CAPABILITY_AUDIT.md#e10","NV","Software QA only; not device-qualified","Credential rotation/clearing is encrypted and source refresh is rollback-aware; real-device authentication behavior remains unverified.","2026-09-28"
"F01-020","C","QA","Native ONVIF metadata read","ONVIF-conformant camera","","","","","","","Yes","","","ab1afe505bd48ca8d7b18c893fa9690168c16915 + PR #268","tests/test_category1_evidence.py; tests/test_category1_safe_camera_lifecycle.py","docs/reviews/CATEGORY1_CAMERA_CAPABILITY_AUDIT.md","docs/reviews/CATEGORY1_CAMERA_CAPABILITY_AUDIT.md#e7","NV","Software QA only; named vendor/model/firmware evidence required","Firmware field parsing is implemented and public metadata is sanitized; device-specific accuracy remains unverified.","2026-09-28"
"F01-021","C","QA","ONVIF capability-dependent write API","ONVIF camera with advertised writable capability","Control API","","","","","","Yes","","","PR #272","tests/test_onvif_write_controls_track_a1.py","docs/operations/ONVIF_CAMERA_CONFIGURATION.md","docs/reviews/CATEGORY1_CAMERA_CAPABILITY_AUDIT.md#e11","NV","Software QA only; device/model/firmware qualification required","Main managed profile encoder can be validated/written/read back; support remains device-option dependent.","2026-09-28"
"F01-022","C","QA","ONVIF capability-dependent write API","ONVIF camera with advertised writable capability","Control API","","","","","","Yes","","","PR #272","tests/test_onvif_write_controls_track_a1.py","docs/operations/ONVIF_CAMERA_CONFIGURATION.md","docs/reviews/CATEGORY1_CAMERA_CAPABILITY_AUDIT.md#e11","NV","Software QA only; device/model/firmware qualification required","Sub managed profile encoder can be validated/written/read back; support remains device-option dependent.","2026-09-28"
"F01-023","I","QA","Managed third ONVIF profile plus MediaMTX path","ONVIF camera with distinct third profile","MediaMTX + Control API","","","","","","Yes","","","PR #276","tests/test_category1_finish_track_a1.py","docs/operations/CATEGORY1_REMAINING_CAMERA_SUPPORT.md","docs/reviews/CATEGORY1_CAMERA_CAPABILITY_AUDIT.md#e12","NV","Software QA only; named device/vendor/firmware qualification remains required","Third stream has stable playback path, lifecycle, reconciliation and fencing; device must expose a usable distinct profile.","2026-09-28"
"F01-024","C","QA","ONVIF capability-dependent write API","ONVIF camera with advertised writable capability","Control API","","","","","","Yes","","","PR #272","tests/test_onvif_write_controls_track_a1.py","docs/operations/ONVIF_CAMERA_CONFIGURATION.md","docs/reviews/CATEGORY1_CAMERA_CAPABILITY_AUDIT.md#e11","NV","Software QA only; device/model/firmware qualification required","Resolution writes are accepted only from camera-advertised encoder resolutions.","2026-09-28"
"F01-025","C","QA","ONVIF capability-dependent write API","ONVIF camera with advertised writable capability","Control API","","","","","","Yes","","","PR #272","tests/test_onvif_write_controls_track_a1.py","docs/operations/ONVIF_CAMERA_CONFIGURATION.md","docs/reviews/CATEGORY1_CAMERA_CAPABILITY_AUDIT.md#e11","NV","Software QA only; device/model/firmware qualification required","Frame-rate writes are bounded by camera-advertised encoder options.","2026-09-28"
"F01-026","C","QA","ONVIF capability-dependent write API","ONVIF camera with advertised writable capability","Control API","","","","","","Yes","","","PR #272","tests/test_onvif_write_controls_track_a1.py","docs/operations/ONVIF_CAMERA_CONFIGURATION.md","docs/reviews/CATEGORY1_CAMERA_CAPABILITY_AUDIT.md#e11","NV","Software QA only; device/model/firmware qualification required","Bitrate/rate-mode writes occur only when the requested field/range is advertised; device behavior remains unqualified.","2026-09-28"
"F01-027","C","QA","Advertised codec-profile selection","ONVIF camera exposing H264/H265/JPEG profiles","Control API + MediaMTX","","","","","","Yes","","","PR #276","tests/test_category1_finish_track_a1.py","docs/operations/CATEGORY1_REMAINING_CAMERA_SUPPORT.md","docs/reviews/CATEGORY1_CAMERA_CAPABILITY_AUDIT.md#e12","NV","Software QA only; named device/vendor/firmware qualification remains required","VMS selects existing advertised H264/H265/JPEG(MJPEG) profiles; it does not force unsupported cross-codec encoder mutation.","2026-09-28"
"F01-028","C","QA","ONVIF capability-dependent write API","ONVIF camera with advertised writable capability","Control API","","","","","","Yes","","","PR #272","tests/test_onvif_write_controls_track_a1.py","docs/operations/ONVIF_CAMERA_CONFIGURATION.md","docs/reviews/CATEGORY1_CAMERA_CAPABILITY_AUDIT.md#e11","NV","Software QA only; device/model/firmware qualification required","GOV/GOP length is written only when the encoder configuration/options expose it.","2026-09-28"
"F01-029","C","QA","ONVIF capability-dependent write API","ONVIF camera with advertised writable capability","Control API","","","","","","Yes","","","PR #272","tests/test_onvif_write_controls_track_a1.py","docs/operations/ONVIF_CAMERA_CONFIGURATION.md","docs/reviews/CATEGORY1_CAMERA_CAPABILITY_AUDIT.md#e11","NV","Software QA only; device/model/firmware qualification required","Video quality writes are bounded by the advertised quality range.","2026-09-28"
"F01-030","C","QA","ONVIF capability-dependent write API","ONVIF camera with advertised writable capability","Control API","","","","","","Yes","","","PR #272","tests/test_onvif_write_controls_track_a1.py","docs/operations/ONVIF_CAMERA_CONFIGURATION.md","docs/reviews/CATEGORY1_CAMERA_CAPABILITY_AUDIT.md#e11","NV","Software QA only; device/model/firmware qualification required","PAL/NTSC is mapped only when exactly one advertised VideoSourceMode description explicitly names the requested standard.","2026-09-28"
"F01-031","C","QA","ONVIF source orientation controls","ONVIF camera advertising rotation/mirror options","Control API","","","","","","Yes","","","PR #276","tests/test_category1_finish_track_a1.py","docs/operations/CATEGORY1_REMAINING_CAMERA_SUPPORT.md","docs/reviews/CATEGORY1_CAMERA_CAPABILITY_AUDIT.md#e12","NV","Software QA only; named device/vendor/firmware qualification remains required","Rotation/mirror are option-dependent; vertical flip is represented only when mirror plus 180-degree rotation primitives are advertised.","2026-09-28"
"F01-032","C","QA","ONVIF capability-dependent write API","ONVIF camera with advertised writable capability","Control API","","","","","","Yes","","","PR #272","tests/test_onvif_write_controls_track_a1.py","docs/operations/ONVIF_CAMERA_CONFIGURATION.md","docs/reviews/CATEGORY1_CAMERA_CAPABILITY_AUDIT.md#e11","NV","Software QA only; device/model/firmware qualification required","Brightness/contrast/saturation/sharpness and hue are written only when matching imaging fields/ranges are advertised.","2026-09-28"
"F01-033","C","QA","ONVIF capability-dependent write API","ONVIF camera with advertised writable capability","Control API","","","","","","Yes","","","PR #272","tests/test_onvif_write_controls_track_a1.py","docs/operations/ONVIF_CAMERA_CONFIGURATION.md","docs/reviews/CATEGORY1_CAMERA_CAPABILITY_AUDIT.md#e11","NV","Software QA only; device/model/firmware qualification required","Day/night control uses standard IrCutFilter only when advertised; vendor-private day/night behavior is not inferred.","2026-09-28"
"F01-034","C","QA","ONVIF capability-dependent write API","ONVIF camera with advertised writable capability","Control API","","","","","","Yes","","","PR #272","tests/test_onvif_write_controls_track_a1.py","docs/operations/ONVIF_CAMERA_CONFIGURATION.md","docs/reviews/CATEGORY1_CAMERA_CAPABILITY_AUDIT.md#e11","NV","Software QA only; device/model/firmware qualification required","IR control sends only advertised reserved tt:IRLamp auxiliary commands; vendor-private illuminator commands remain unsupported.","2026-09-28"
"F01-035","C","QA","ONVIF capability-dependent write API","ONVIF camera with advertised writable capability","Control API","","","","","","Yes","","","PR #272","tests/test_onvif_write_controls_track_a1.py","docs/operations/ONVIF_CAMERA_CONFIGURATION.md","docs/reviews/CATEGORY1_CAMERA_CAPABILITY_AUDIT.md#e11","NV","Software QA only; device/model/firmware qualification required","White-balance mode/gains are validated against advertised imaging options before write.","2026-09-28"
"F01-036","C","QA","ONVIF capability-dependent write API","ONVIF camera with advertised writable capability","Control API","","","","","","Yes","","","PR #272","tests/test_onvif_write_controls_track_a1.py","docs/operations/ONVIF_CAMERA_CONFIGURATION.md","docs/reviews/CATEGORY1_CAMERA_CAPABILITY_AUDIT.md#e11","NV","Software QA only; device/model/firmware qualification required","Backlight compensation mode/level is device-option dependent.","2026-09-28"
"F01-037","C","QA","ONVIF capability-dependent write API","ONVIF camera with advertised writable capability","Control API","","","","","","Yes","","","PR #272","tests/test_onvif_write_controls_track_a1.py","docs/operations/ONVIF_CAMERA_CONFIGURATION.md","docs/reviews/CATEGORY1_CAMERA_CAPABILITY_AUDIT.md#e11","NV","Software QA only; device/model/firmware qualification required","WDR mode/level is device-option dependent.","2026-09-28"
"F01-038","C","QA","ONVIF capability-dependent write API","ONVIF camera with advertised writable capability","Control API","","","","","","Yes","","","PR #272","tests/test_onvif_write_controls_track_a1.py","docs/operations/ONVIF_CAMERA_CONFIGURATION.md","docs/reviews/CATEGORY1_CAMERA_CAPABILITY_AUDIT.md#e11","NV","Software QA only; device/model/firmware qualification required","Exposure mode/priority/time/gain/iris are written only when advertised by Imaging options.","2026-09-28"
"F01-039","C","QA","ONVIF capability-dependent write API","ONVIF camera with advertised writable capability","Control API","","","","","","Yes","","","PR #272","tests/test_onvif_write_controls_track_a1.py","docs/operations/ONVIF_CAMERA_CONFIGURATION.md","docs/reviews/CATEGORY1_CAMERA_CAPABILITY_AUDIT.md#e11","NV","Software QA only; device/model/firmware qualification required","Anti-flicker is supported only when a recognized writable anti-flicker/flicker/power-line field is advertised.","2026-09-28"
"F01-040","C","QA","ONVIF capability-dependent write API","ONVIF camera with advertised writable capability","Control API","","","","","","Yes","","","PR #272","tests/test_onvif_write_controls_track_a1.py","docs/operations/ONVIF_CAMERA_CONFIGURATION.md","docs/reviews/CATEGORY1_CAMERA_CAPABILITY_AUDIT.md#e11","NV","Software QA only; device/model/firmware qualification required","Privacy masks use Media2 GetMaskOptions/Create/Set/Delete; devices without Media2 mask service fail unsupported.","2026-09-28"
"F01-041","C","QA","ONVIF capability-dependent write API","ONVIF camera with advertised writable capability","Control API","","","","","","Yes","","","PR #272","tests/test_onvif_write_controls_track_a1.py","docs/operations/ONVIF_CAMERA_CONFIGURATION.md","docs/reviews/CATEGORY1_CAMERA_CAPABILITY_AUDIT.md#e11","NV","Software QA only; device/model/firmware qualification required","Device Management date/time writes use standard SetSystemDateAndTime and readback; NTP server provisioning is outside this row.","2026-09-28"
"F01-042","C","QA","ONVIF capability-dependent write API","ONVIF camera with advertised writable capability","Control API","","","","","","Yes","","","PR #272","tests/test_onvif_write_controls_track_a1.py","docs/operations/ONVIF_CAMERA_CONFIGURATION.md","docs/reviews/CATEGORY1_CAMERA_CAPABILITY_AUDIT.md#e11","NV","Software QA only; device/model/firmware qualification required","Text OSD create/update/delete checks OSD options where available and preserves non-Plain OSD semantics.","2026-09-28"
"F01-043","C","QA","ONVIF capability-dependent write API","ONVIF camera with advertised writable capability","Control API","","","","","","Yes","","","PR #272","tests/test_onvif_write_controls_track_a1.py","docs/operations/ONVIF_CAMERA_CONFIGURATION.md","docs/reviews/CATEGORY1_CAMERA_CAPABILITY_AUDIT.md#e11","NV","Software QA only; device/model/firmware qualification required","Camera-name overlay writes the managed camera name to a Plain OSD; OSD support/count remains camera-dependent.","2026-09-28"
"F02-001","N","QA","MediaMTX WebRTC/HLS with path-scoped grant + bounded readers","RTSP camera source","MediaMTX","","Yes","","","Yes","Yes","","","PR #277 + #281","tests/test_category2_live_media_auth.py; tests/test_category2_live_session_bounds.py","docs/reviews/CATEGORY2_LIVE_MONITORING_AUDIT.md; docs/security/LIVE_VIEW_SESSION_RESOURCE_POLICY.md","docs/reviews/CATEGORY2_LIVE_MONITORING_AUDIT.md#row-audit","NV","Software QA only; browser/device/capacity qualification pending","Authorized path-scoped media access and a configurable per-live-path MediaMTX reader safety ceiling are software-verified; real browser/camera/TURN/WAN behavior and measured viewer capacity remain pending.","2026-10-01"
"F02-002","P","QA","Bounded fixed live-view workspace","","Web client + MediaMTX","","","","","Yes","Yes","","","PR #284","tests/test_category2_multicamera_live_grid.py","docs/operations/MULTICAMERA_LIVE_VIEW.md; docs/reviews/CATEGORY2_LIVE_MONITORING_AUDIT.md","docs/reviews/CATEGORY2_LIVE_MONITORING_AUDIT.md#283-bounded-multi-camera-live-view-grid-foundation","NV","Fixed-layout software QA; custom/saved layouts and real workstation capacity remain pending","Selectable 1x1/2x2/3x3/4x4 layouts are software-evidenced; custom/saved layouts and real multi-stream workstation/browser capacity are not qualified.","2026-10-01"
"F02-003","P","TARGET","Browser media element","","Web client","","","","","Yes","","","","","","docs/reviews/CATEGORY2_LIVE_MONITORING_AUDIT.md","docs/reviews/CATEGORY2_LIVE_MONITORING_AUDIT.md#row-audit","NV","Partial","No VMS-owned tested fullscreen workflow.",""
"F02-004","R","TARGET","","","","","","","","","","","","","","docs/reviews/CATEGORY2_LIVE_MONITORING_AUDIT.md","docs/reviews/CATEGORY2_LIVE_MONITORING_AUDIT.md#row-audit","NV","Missing","No digital zoom implementation.",""
"F02-005","N","QA","Active-tile decoded-frame PNG snapshot/download","Authorized current WHEP live tile","Web client","","","","","Yes","Yes","","","PR #289","tests/test_category2_live_snapshot.py","docs/operations/LIVE_SNAPSHOT.md; docs/reviews/CATEGORY2_LIVE_MONITORING_AUDIT.md","docs/reviews/CATEGORY2_LIVE_MONITORING_AUDIT.md#288-secure-active-tile-live-snapshot","NV","Software QA complete; browser/device qualification pending","Captures the exact current MAIN/SUB/THIRD decoded live frame; no server snapshot store or original-sensor/evidence-grade claim.","2026-10-01"
"F02-006","N","QA","Durable recording-backed Start/Stop manual interval intent","Authoritative continuous MAIN recording","#291 recording-backed export + control database","","","","","Yes","Yes","","","PR #293","tests/test_category2_manual_recording.py; tests/test_category2_recording_clip_export.py","docs/operations/MANUAL_RECORDING.md; docs/operations/RECORDING_CLIP_EXPORT.md","PR #293 review 5378965251","NV","Software QA complete for durable Start/Stop manual recording intent","Manual interval requires continuous recording at Start; export still requires actual retained continuous coverage on one recording node. Real codec/browser/scale qualification remains external.","2026-10-01"
"F02-007","N","QA","Source-on-demand + authenticated WHEP tile lifecycle + bounded MediaMTX readers","","MediaMTX + Web client","","","","","Yes","Yes","","","PR #277 + #281 + #284","tests/test_category2_live_media_auth.py; tests/test_category2_live_session_bounds.py; tests/test_category2_multicamera_live_grid.py","docs/operations/MULTICAMERA_LIVE_VIEW.md; docs/security/LIVE_VIEW_SESSION_RESOURCE_POLICY.md","docs/reviews/CATEGORY2_LIVE_MONITORING_AUDIT.md#283-bounded-multi-camera-live-view-grid-foundation","NV","Software QA only; browser/device qualification pending","Explicit tile assignment, stop/remove, cleanup and manual retry are software-evidenced; browser-crash cleanup timing and identity-aware cross-camera quotas remain externally/unimplemented boundaries.","2026-10-01"
"F02-008","P","QA","Authorized selector-based tile assignment","","Web client","","","","","Yes","","","","PR #284","tests/test_category2_multicamera_live_grid.py","docs/operations/MULTICAMERA_LIVE_VIEW.md","docs/reviews/CATEGORY2_LIVE_MONITORING_AUDIT.md#283-bounded-multi-camera-live-view-grid-foundation","NV","Partial software QA","Accessible camera-to-tile assignment and duplicate prevention exist; drag-and-drop gesture itself remains unimplemented.","2026-10-01"
"F02-009","R","TARGET","","","","","","","","","","","","","","docs/reviews/CATEGORY2_LIVE_MONITORING_AUDIT.md","docs/reviews/CATEGORY2_LIVE_MONITORING_AUDIT.md#row-audit","NV","Missing","No camera sequence/tour lifecycle.",""
"F02-010","R","TARGET","","","","","","","","","","","","","","docs/reviews/CATEGORY2_LIVE_MONITORING_AUDIT.md","docs/reviews/CATEGORY2_LIVE_MONITORING_AUDIT.md#row-audit","NV","Missing","No previous/next selected-camera navigation.",""
"F02-011","R","TARGET","","","","","","","","","","","","","","docs/reviews/CATEGORY2_LIVE_MONITORING_AUDIT.md","docs/reviews/CATEGORY2_LIVE_MONITORING_AUDIT.md#row-audit","NV","Missing","No explicit aspect-ratio fit/fill/native control.",""
"F02-012","N","QA","Explicit active-tile MAIN/SUB/THIRD selection with bounded live readers","Multi-profile camera","Control API + MediaMTX + Web client","","","","","Yes","Yes","","","PR #276 + #277 + #281 + #286","tests/test_category1_finish_track_a1.py; tests/test_category2_live_media_auth.py; tests/test_category2_live_session_bounds.py; tests/test_category2_multicamera_live_grid.py; tests/test_category2_live_stream_roles.py","docs/operations/LIVE_STREAM_ROLE_SELECTION.md; docs/reviews/CATEGORY2_LIVE_MONITORING_AUDIT.md; docs/security/LIVE_VIEW_SESSION_RESOURCE_POLICY.md","docs/reviews/CATEGORY2_LIVE_MONITORING_AUDIT.md#285-active-tile-main--sub--third-live-stream-role-selection","NV","Software QA complete; physical camera/browser qualification pending","Explicit configured-role selection, exact-path grants, lifecycle/race fencing, reader bounds and recording/AI separation are software-evidenced. Device stream support, codecs, performance and WAN behavior remain externally unqualified.","2026-10-01"
"F02-013","P","TARGET","WebRTC audio transport","Camera/audio codec","MediaMTX","","","","","Yes","","","","","","docs/reviews/CATEGORY2_LIVE_MONITORING_AUDIT.md","docs/reviews/CATEGORY2_LIVE_MONITORING_AUDIT.md#row-audit","NV","Partial; device evidence required","Audio track transport is possible but named camera/codec and dedicated control evidence are absent.",""
"F02-014","C","TARGET","","Camera with supported talkback/backchannel","","","","","","","","","","","","docs/reviews/CATEGORY2_LIVE_MONITORING_AUDIT.md","docs/reviews/CATEGORY2_LIVE_MONITORING_AUDIT.md#row-audit","NV","Device-dependent / missing","No two-way audio/backchannel implementation or named-device evidence.",""
"F02-015","C","TARGET","","Camera/client audio controls","","","","","","","","","","","","docs/reviews/CATEGORY2_LIVE_MONITORING_AUDIT.md","docs/reviews/CATEGORY2_LIVE_MONITORING_AUDIT.md#row-audit","NV","Device-dependent / missing","No VMS microphone/speaker/talkback control contract or hardware evidence.",""
"F02-016","P","TARGET","Recording timeline/playback API","","Recording/playback service","","","","","Yes","Yes","","","","","docs/reviews/CATEGORY2_LIVE_MONITORING_AUDIT.md","docs/reviews/CATEGORY2_LIVE_MONITORING_AUDIT.md#row-audit","NV","Partial","Playback exists; live-to-instant-playback look-back workflow is undefined.",""
"F02-017","P","TARGET","Browser media controls","","Web client","","","","","Yes","","","","","","docs/reviews/CATEGORY2_LIVE_MONITORING_AUDIT.md","docs/reviews/CATEGORY2_LIVE_MONITORING_AUDIT.md#row-audit","NV","Partial","No tested VMS pause/resume semantics or resource policy.",""
"F02-018","P","QA","Per-tile live connection state plus existing health/recording/event/alarm services","","Control API + Web client","","","","","Yes","Yes","","","PR #284","tests/test_category2_multicamera_live_grid.py","docs/operations/MULTICAMERA_LIVE_VIEW.md","docs/reviews/CATEGORY2_LIVE_MONITORING_AUDIT.md#283-bounded-multi-camera-live-view-grid-foundation","NV","Partial software QA","Per-tile connection/health state is present; composed recording/motion/alarm state in each live tile remains incomplete.","2026-10-01"
"F02-019","P","TARGET","Camera card and event/playback timestamps","","Web client","","","","","Yes","","","","","","docs/reviews/CATEGORY2_LIVE_MONITORING_AUDIT.md","docs/reviews/CATEGORY2_LIVE_MONITORING_AUDIT.md#row-audit","NV","Partial","Camera name exists; no explicit live date/time overlay contract.",""
"F02-020","N","QA","Local PNG snapshot and bounded MP4 recording clip download","Authorized current WHEP live tile","Recording/playback service + Web client","","","","","Yes","Yes","","","PR #289; PR #291","tests/test_category2_live_snapshot.py; tests/test_category2_recording_clip_export.py","docs/operations/LIVE_SNAPSHOT.md; docs/operations/RECORDING_CLIP_EXPORT.md","PR #289 review 5377466211; PR #291 review 5377973113","NV","Software QA complete for local snapshot and recording-clip download","Browser-local download only; no persistent VMS evidence repository.","2026-10-01"
"F02-021","N","QA","Active-tile PNG snapshot plus bounded authorized MP4 recording clip download","","Recording/playback service + Web client","","","","","Yes","Yes","","","PR #289; PR #291","tests/test_category2_live_snapshot.py; tests/test_category2_recording_clip_export.py","docs/operations/LIVE_SNAPSHOT.md; docs/operations/RECORDING_CLIP_EXPORT.md","PR #289 review 5377466211; PR #291 review 5377973113","NV","Software QA complete for snapshot and bounded clip download","Clip export requires continuous single-recording-node coverage; codec/audio/frame-exact/scale qualification remains external.","2026-10-01"
"F03-001","N","QA","Native policy API + MediaMTX continuous fMP4 recording","RTSP camera MAIN stream","Control API + MediaMTX + recording storage","","Yes","","","Yes","Yes","","","","tests/test_recording_phase3.py; tests/test_category3_recording_policy_ui.py","docs/operations/BASIC_RECORDING_POLICY.md; docs/reviews/FIELD_TEST_DEPENDENCY_AUDIT.md","Issue #297","NV","Software QA complete; external camera/browser/storage/capacity qualification pending","Continuous MAIN/source-copy only; scheduled, event, motion and alarm recording are outside this milestone.","2026-10-02"
"F03-013","N","QA","Native per-camera retention policy + browser control","RTSP camera MAIN stream","Control API + MediaMTX + recording storage","","Yes","","","Yes","Yes","","","","tests/test_recording_phase3.py; tests/test_category3_recording_policy_ui.py","docs/operations/BASIC_RECORDING_POLICY.md; docs/reviews/FIELD_TEST_DEPENDENCY_AUDIT.md","Issue #297","NV","Software QA complete; external camera/browser/storage/capacity qualification pending","Age-based retention is 1-3650 days through recordDeleteAfter; storage-full overwrite, legal hold, archive and quota behavior are outside this milestone.","2026-10-02"
"F04-002","N","QA","Authorized recording timeline + MediaMTX playback by selected date/time","Retained authoritative MAIN recording","Control API + recording index + MediaMTX playback","","Yes","","","Yes","Yes","","","","tests/test_category4_playback_workflow.py; tests/test_category2_recording_clip_export.py","docs/operations/PLAYBACK_WORKFLOW.md; docs/reviews/CATEGORY4_PLAYBACK_AUDIT.md","Issue #299","NV","Software QA complete for focused single-camera playback workflow; external browser/camera/storage qualification pending","Single-camera workflow only; browser/codec/long-duration seek behavior remains externally unqualified.","2026-10-02"
"F04-003","N","QA","Native bounded recording-span timeline","Retained authoritative MAIN recording","Control API + recording index + MediaMTX playback","","Yes","","","Yes","Yes","","","","tests/test_category4_playback_workflow.py; tests/test_category2_recording_clip_export.py","docs/operations/PLAYBACK_WORKFLOW.md; docs/reviews/CATEGORY4_PLAYBACK_AUDIT.md","Issue #299","NV","Software QA complete for focused single-camera playback workflow; external browser/camera/storage qualification pending","Timeline shows recording availability spans; event markers, filters and timeline zoom remain separate catalog features.","2026-10-02"
"F04-004","N","QA","VMS play/pause controls over bounded HTML5 MP4 playback","Retained authoritative MAIN recording","Control API + recording index + MediaMTX playback","","Yes","","","Yes","Yes","","","","tests/test_category4_playback_workflow.py; tests/test_category2_recording_clip_export.py","docs/operations/PLAYBACK_WORKFLOW.md; docs/reviews/CATEGORY4_PLAYBACK_AUDIT.md","Issue #299","NV","Software QA complete for focused single-camera playback workflow; external browser/camera/storage qualification pending","No advanced speed, reverse or frame-by-frame controls are claimed.","2026-10-02"
"F04-011","N","QA","Recorded-span clip interval selection","Retained authoritative MAIN recording","Control API + recording index + MediaMTX playback","","Yes","","","Yes","Yes","","","","tests/test_category4_playback_workflow.py; tests/test_category2_recording_clip_export.py","docs/operations/PLAYBACK_WORKFLOW.md; docs/reviews/CATEGORY4_PLAYBACK_AUDIT.md","Issue #299","NV","Software QA complete for focused single-camera playback workflow; external browser/camera/storage qualification pending","Selection is constrained to one displayed recording span; cross-gap/cross-node export is rejected server-side.","2026-10-02"
"F04-014","N","QA","Operator clip start/end selection within one recorded span","Retained authoritative MAIN recording","Control API + recording index + MediaMTX playback","","Yes","","","Yes","Yes","","","","tests/test_category4_playback_workflow.py; tests/test_category2_recording_clip_export.py","docs/operations/PLAYBACK_WORKFLOW.md; docs/reviews/CATEGORY4_PLAYBACK_AUDIT.md","Issue #299","NV","Software QA complete for focused single-camera playback workflow; external browser/camera/storage qualification pending","Clip interval must remain inside one selected recorded span and existing server export limits still apply.","2026-10-02"
"F08-001","R","QA",".NET 10 WPF x64 native shell; replaceable WebView2 WHEP renderer","","Existing Intelligent VMS Control API + MediaMTX/WHEP","","","","","","Yes","","","PR #7","clients/windows/tests/IntelligentVMS.Desktop.Tests/Program.cs; .github/workflows/intelligent-vms-windows-client.yml","docs/operations/WINDOWS_DESKTOP_CLIENT.md","docs/testing/WINDOWS_DESKTOP_CLIENT_QA.md","NV","Software QA foundation only; Windows 10/11 external qualification pending","One active live tile is implemented; no high-density/GPU capacity or full playback/alarm workstation claim.","2026-10-04"
"F08-007","R","QA","Existing VMS bearer/JWT authority with native desktop session","","Existing VMS authentication API","","","","","","Yes","","","PR #7","clients/windows/tests/IntelligentVMS.Desktop.Tests/Program.cs","docs/operations/WINDOWS_DESKTOP_CLIENT.md","docs/architecture/ADR_WINDOWS_DESKTOP_CLIENT_FOUNDATION.md","NV","Software QA only; uses existing VMS access token","No desktop auth bypass; interactive OIDC/PKCE UX remains a later milestone.","2026-10-04"
"F08-008","R","QA","Windows Credential Manager protected token persistence","","Windows Credential Manager + existing VMS auth API","","","","","","Yes","","","PR #7","clients/windows/tests/IntelligentVMS.Desktop.Tests/Program.cs","docs/operations/WINDOWS_DESKTOP_CLIENT.md","docs/architecture/ADR_WINDOWS_DESKTOP_CLIENT_FOUNDATION.md","NV","Software QA only; current-user protected storage","Persisted session material is deleted on logout/401; production OIDC refresh-token strategy remains future work.","2026-10-04"
